time,RMS_Voltage_a,RMS_Voltage_b,RMS_Voltage_c,RMS_Current_a,RMS_Current_b,RMS_Current_c,Total_kW,Total_kvar,Total_kVA,Total_kVAh,Total_Power_Factor,Frequency,Voltage_unbalance,Current_unbalance,Voltage_THD_a,Voltage_THD_b,Voltage_THD_c,Current_THD_a,Current_THD_b,Current_THD_c
0:00:00,220,220,220,1,2,3,0,0,0,0.1,0.8,49.95,0.02,0.01,0.01,0.02,0.03,0.015,0.015,0.015
0:00:01,221,221,221,2,3,4,2,1,3,0.2,0.8,49.97,0.02,0.01,0.01,0.02,0.03,0.015,0.015,0.015
0:00:02,222,222,222,3,4,5,3,2,5,0.3,0.8,49.99,0.02,0.01,0.01,0.02,0.03,0.015,0.015,0.015
0:00:03,223,223,223,4,5,6,4,3,7,0.4,0.8,50.01,0.02,0.01,0.01,0.02,0.03,0.015,0.015,0.015
0:00:04,224,224,224,5,6,7,5,4,9,0.5,0.8,50.03,0.02,0.01,0.01,0.02,0.03,0.015,0.015,0.015
0:00:05,225,225,225,6,7,8,6,5,11,0.6,0.8,50.05,0.02,0.01,0.01,0.02,0.03,0.015,0.015,0.015
0:00:06,226,226,226,7,8,9,7,6,13,0.7,0.8,50.07,0.02,0.01,0.01,0.02,0.03,0.015,0.015,0.015
0:00:07,227,227,227,8,9,10,8,7,15,0.8,0.8,50.09,0.02,0.01,0.01,0.02,0.03,0.015,0.015,0.015
0:00:08,228,228,228,9,10,11,9,8,17,0.9,0.8,50.11,0.02,0.01,0.01,0.02,0.03,0.015,0.015,0.015
0:00:09,229,229,229,10,11,12,10,9,19,1,0.8,50.1,0.02,0.01,0.01,0.02,0.03,0.015,0.015,0.015
0:00:10,230,230,230,11,12,13,11,10,21,1.1,0.8,50.09,0.02,0.01,0.01,0.02,0.03,0.015,0.015,0.015
0:00:11,231,231,231,12,13,14,12,11,23,1.2,0.8,50.08,0.02,0.01,0.01,0.02,0.03,0.015,0.015,0.015
0:00:12,232,232,232,13,14,15,13,12,25,1.3,0.8,50.07,0.02,0.01,0.01,0.02,0.03,0.015,0.015,0.015
0:00:13,233,233,233,14,15,16,14,13,27,1.4,0.8,50.06,0.02,0.01,0.01,0.02,0.03,0.015,0.015,0.015
0:00:14,234,234,234,15,16,17,15,14,29,1.5,0.8,50.05,0.02,0.01,0.01,0.02,0.03,0.015,0.015,0.015
0:00:15,235,235,235,16,17,18,16,15,31,1.6,0.8,50.04,0.02,0.01,0.01,0.02,0.03,0.015,0.015,0.015
0:00:16,236,236,236,17,18,19,17,16,33,1.7,0.8,50.03,0.02,0.01,0.01,0.02,0.03,0.015,0.015,0.015
0:00:17,237,237,237,18,19,20,18,17,35,1.8,0.8,50.02,0.02,0.01,0.01,0.02,0.03,0.015,0.015,0.015
0:00:18,238,238,238,19,20,21,19,18,37,1.9,0.8,50.01,0.02,0.01,0.01,0.02,0.03,0.015,0.015,0.015
0:00:19,239,239,239,20,21,22,20,19,39,2,0.8,50,0.02,0.01,0.01,0.02,0.03,0.015,0.015,0.015
0:00:20,240,240,240,21,22,23,21,20,41,2.1,0.8,49.99,0.02,0.01,0.01,0.02,0.03,0.015,0.015,0.015
0:00:21,241,241,241,22,23,24,22,21,43,2.2,0.8,49.98,0.02,0.01,0.01,0.02,0.03,0.015,0.015,0.015
0:00:22,242,242,242,23,24,25,23,22,45,2.3,0.8,49.97,0.02,0.01,0.01,0.02,0.03,0.015,0.015,0.015
0:00:23,243,243,243,24,25,26,24,23,47,2.4,0.8,49.96,0.02,0.01,0.01,0.02,0.03,0.015,0.015,0.015
0:00:24,244,244,244,25,26,27,25,24,49,2.5,0.8,49.98,0.02,0.01,0.01,0.02,0.03,0.015,0.015,0.015
0:00:25,245,245,245,26,27,28,26,25,51,2.6,0.8,50,0.02,0.01,0.01,0.02,0.03,0.015,0.015,0.015
0:00:26,246,246,246,27,28,29,27,26,53,2.7,0.8,50.02,0.02,0.01,0.01,0.02,0.03,0.015,0.015,0.015
0:00:27,247,247,247,28,29,30,28,27,55,2.8,0.8,50.04,0.02,0.01,0.01,0.02,0.03,0.015,0.015,0.015
0:00:28,248,248,248,29,30,31,29,28,57,2.9,0.8,50.06,0.02,0.01,0.01,0.02,0.03,0.015,0.015,0.015
0:00:29,249,249,249,30,31,32,30,29,59,3,0.8,50.08,0.02,0.01,0.01,0.02,0.03,0.015,0.015,0.015
0:00:30,250,250,250,31,32,33,31,30,61,3.1,0.8,50.1,0.02,0.01,0.01,0.02,0.03,0.015,0.015,0.015
0:00:31,251,251,251,32,33,34,32,31,63,3.2,0.8,50.12,0.02,0.01,0.01,0.02,0.03,0.015,0.015,0.015
0:00:32,252,252,252,33,34,35,33,32,65,3.3,0.8,50.14,0.02,0.01,0.01,0.02,0.03,0.015,0.015,0.015
0:00:33,253,253,253,34,35,36,34,33,67,3.4,0.8,50.16,0.02,0.01,0.01,0.02,0.03,0.015,0.015,0.015
0:00:34,254,254,254,35,36,37,35,34,69,3.5,0.8,50.13,0.02,0.01,0.01,0.02,0.03,0.015,0.015,0.015
0:00:35,255,255,255,36,37,38,36,35,71,3.6,0.8,50.1,0.02,0.01,0.01,0.02,0.03,0.015,0.015,0.015
0:00:36,256,256,256,37,38,39,37,36,73,3.7,0.8,50.07,0.02,0.01,0.01,0.02,0.03,0.015,0.015,0.015
0:00:37,257,257,257,38,39,40,38,37,75,3.8,0.8,50.04,0.02,0.01,0.01,0.02,0.03,0.015,0.015,0.015
0:00:38,258,258,258,39,40,41,39,38,77,3.9,0.8,50.01,0.02,0.01,0.01,0.02,0.03,0.015,0.015,0.015
0:00:39,259,259,259,40,41,42,40,39,79,4,0.8,49.98,0.02,0.01,0.01,0.02,0.03,0.015,0.015,0.015
0:00:40,260,260,260,41,42,43,41,40,81,4.1,0.8,49.95,0.02,0.01,0.01,0.02,0.03,0.015,0.015,0.015
0:00:41,261,261,261,42,43,44,42,41,83,4.2,0.8,49.92,0.02,0.01,0.01,0.02,0.03,0.015,0.015,0.015
0:00:42,262,262,262,43,44,45,43,42,85,4.3,0.8,49.89,0.02,0.01,0.01,0.02,0.03,0.015,0.015,0.015
0:00:43,263,263,263,44,45,46,44,43,87,4.4,0.8,49.91,0.02,0.01,0.01,0.02,0.03,0.015,0.015,0.015
0:00:44,264,264,264,45,46,47,45,44,89,4.5,0.8,49.93,0.02,0.01,0.01,0.02,0.03,0.015,0.015,0.015
0:00:45,265,265,265,46,47,48,46,45,91,4.6,0.8,49.95,0.02,0.01,0.01,0.02,0.03,0.015,0.015,0.015
0:00:46,266,266,266,47,48,49,47,46,93,4.7,0.8,49.97,0.02,0.01,0.01,0.02,0.03,0.015,0.015,0.015
0:00:47,267,267,267,48,49,50,48,47,95,4.8,0.8,49.99,0.02,0.01,0.01,0.02,0.03,0.015,0.015,0.015
0:00:48,268,268,268,49,50,51,49,48,97,4.9,0.8,50.01,0.02,0.01,0.01,0.02,0.03,0.015,0.015,0.015
0:00:49,269,269,269,50,51,52,50,49,99,5,0.8,50.03,0.02,0.01,0.01,0.02,0.03,0.015,0.015,0.015
0:00:50,270,270,270,51,52,53,51,50,101,5.1,0.8,50.05,0.02,0.01,0.01,0.02,0.03,0.015,0.015,0.015
0:00:51,271,271,271,52,53,54,52,51,103,5.2,0.8,50.07,0.02,0.01,0.01,0.02,0.03,0.015,0.015,0.015
0:00:52,272,272,272,53,54,55,53,52,105,5.3,0.8,50.09,0.02,0.01,0.01,0.02,0.03,0.015,0.015,0.015
0:00:53,273,273,273,54,55,56,54,53,107,5.4,0.8,50.11,0.02,0.01,0.01,0.02,0.03,0.015,0.015,0.015
0:00:54,274,274,274,55,56,57,55,54,109,5.5,0.8,50.1,0.02,0.01,0.01,0.02,0.03,0.015,0.015,0.015
0:00:55,275,275,275,56,57,58,56,55,111,5.6,0.8,50.09,0.02,0.01,0.01,0.02,0.03,0.015,0.015,0.015
0:00:56,276,276,276,57,58,59,57,56,113,5.7,0.8,50.08,0.02,0.01,0.01,0.02,0.03,0.015,0.015,0.015
0:00:57,277,277,277,58,59,60,58,57,115,5.8,0.8,50.07,0.02,0.01,0.01,0.02,0.03,0.015,0.015,0.015
0:00:58,278,278,278,59,60,61,59,58,117,5.9,0.8,50.06,0.02,0.01,0.01,0.02,0.03,0.015,0.015,0.015
0:00:59,279,279,279,60,61,62,60,59,119,6,0.8,50.05,0.02,0.01,0.01,0.02,0.03,0.015,0.015,0.015
0:01:00,280,280,280,61,62,63,61,60,121,6.1,0.81,50.04,0.02,0.01,0.01,0.02,0.03,0.015,0.015,0.015
0:01:01,281,281,281,62,63,64,62,61,123,6.2,0.81,50.03,0.02,0.01,0.01,0.02,0.03,0.015,0.015,0.015
0:01:02,282,282,282,63,64,65,63,62,125,6.3,0.81,50.02,0.02,0.01,0.01,0.02,0.03,0.015,0.015,0.015
0:01:03,281,280,283,64,65,66,64,63,127,6.4,0.81,50.01,0.02,0.01,0.01,0.02,0.03,0.015,0.015,0.015
0:01:04,280,278,284,65,66,67,65,64,129,6.5,0.81,50,0.02,0.01,0.01,0.02,0.03,0.015,0.015,0.015
0:01:05,279,276,285,66,67,68,66,65,131,6.6,0.81,49.99,0.02,0.01,0.01,0.02,0.03,0.015,0.015,0.015
0:01:06,278,274,286,67,68,69,67,66,133,6.7,0.81,49.98,0.02,0.01,0.01,0.02,0.03,0.015,0.015,0.015
0:01:07,277,272,287,68,69,70,68,67,135,6.8,0.81,49.97,0.02,0.01,0.01,0.02,0.03,0.015,0.015,0.015
0:01:08,276,270,288,69,70,71,69,68,137,6.9,0.81,49.96,0.02,0.01,0.01,0.02,0.03,0.015,0.015,0.015
0:01:09,275,268,289,70,71,72,70,69,139,7,0.81,49.95,0.02,0.01,0.01,0.02,0.03,0.015,0.015,0.015
0:01:10,274,266,290,71,72,73,71,70,141,7.1,0.81,49.94,0.02,0.01,0.01,0.02,0.03,0.015,0.015,0.015
0:01:11,273,264,291,72,73,74,72,71,143,7.2,0.81,49.93,0.02,0.01,0.01,0.02,0.03,0.015,0.015,0.015
0:01:12,272,262,292,73,74,75,73,72,145,7.3,0.81,49.92,0.02,0.01,0.01,0.02,0.03,0.015,0.015,0.015
0:01:13,271,260,293,74,75,76,74,73,147,7.4,0.81,49.91,0.03,0.02,0.01,0.02,0.03,0.015,0.015,0.015
0:01:14,270,258,294,75,76,77,75,74,149,7.5,0.81,49.9,0.03,0.02,0.01,0.02,0.03,0.015,0.015,0.015
0:01:15,269,256,295,76,77,78,76,75,151,7.6,0.81,49.89,0.03,0.02,0.01,0.02,0.03,0.015,0.015,0.015
0:01:16,268,254,296,77,78,79,77,76,153,7.7,0.81,49.88,0.03,0.02,0.01,0.02,0.03,0.015,0.015,0.015
0:01:17,267,252,297,78,79,80,78,77,155,7.8,0.81,49.87,0.03,0.02,0.01,0.02,0.03,0.015,0.015,0.015
0:01:18,266,250,298,79,80,81,79,78,157,7.9,0.81,49.86,0.03,0.02,0.01,0.02,0.03,0.015,0.015,0.015
0:01:19,265,248,299,80,81,82,80,79,159,8,0.81,49.85,0.03,0.02,0.01,0.02,0.03,0.015,0.015,0.015
0:01:20,264,246,300,81,82,83,81,80,161,8.1,0.81,49.84,0.03,0.02,0.01,0.02,0.03,0.015,0.015,0.015
0:01:21,263,244,301,82,83,84,82,81,163,8.2,0.81,49.85,0.03,0.02,0.01,0.02,0.03,0.015,0.015,0.015
0:01:22,262,242,302,83,84,85,83,82,165,8.3,0.81,49.86,0.03,0.02,0.01,0.02,0.03,0.015,0.015,0.015
0:01:23,261,240,303,84,85,86,84,83,167,8.4,0.81,49.87,0.03,0.02,0.01,0.02,0.03,0.015,0.015,0.015
0:01:24,259,239,300,85,86,87,85,84,169,8.5,0.81,49.88,0.03,0.02,0.01,0.02,0.03,0.015,0.015,0.015
0:01:25,257,238,297,86,87,88,86,85,171,8.6,0.81,49.89,0.03,0.02,0.01,0.02,0.03,0.015,0.015,0.015
0:01:26,255,237,294,87,88,89,87,86,173,8.7,0.81,49.9,0.03,0.02,0.01,0.02,0.03,0.015,0.015,0.015
0:01:27,253,236,291,88,89,90,88,87,175,8.8,0.81,49.91,0.03,0.02,0.01,0.02,0.03,0.015,0.015,0.015
0:01:28,251,235,288,89,90,91,89,88,177,8.9,0.81,49.92,0.03,0.02,0.01,0.02,0.03,0.015,0.015,0.015
0:01:29,249,234,285,90,91,92,90,89,179,9,0.81,49.93,0.03,0.02,0.01,0.02,0.03,0.015,0.015,0.015
0:01:30,247,233,282,91,92,93,91,90,181,9.1,0.81,49.94,0.03,0.02,0.01,0.02,0.03,0.015,0.015,0.015
0:01:31,245,232,279,92,93,94,92,91,183,9.2,0.81,49.95,0.03,0.02,0.01,0.02,0.03,0.015,0.015,0.015
0:01:32,243,231,276,93,94,95,93,92,185,9.3,0.81,49.96,0.03,0.02,0.01,0.02,0.03,0.015,0.015,0.015
0:01:33,241,230,273,94,95,96,94,93,187,9.4,0.81,49.97,0.03,0.02,0.01,0.02,0.03,0.015,0.015,0.015
0:01:34,239,229,270,95,96,97,95,94,189,9.5,0.81,49.98,0.03,0.02,0.01,0.02,0.03,0.015,0.015,0.015
0:01:35,237,228,267,96,97,98,96,95,191,9.6,0.81,49.99,0.03,0.02,0.01,0.02,0.03,0.015,0.015,0.015
0:01:36,235,227,264,97,98,99,97,96,193,9.7,0.81,50,0.03,0.02,0.015,0.015,0.01,0.01,0.02,0.03
0:01:37,233,226,261,98,99,100,98,97,195,9.8,0.81,50.01,0.03,0.02,0.015,0.015,0.01,0.01,0.02,0.03
0:01:38,231,225,258,99,100,101,99,98,197,9.9,0.81,50.03,0.03,0.02,0.015,0.015,0.01,0.01,0.02,0.03
0:01:39,229,224,255,100,101,102,100,99,199,10,0.81,50.05,0.03,0.02,0.015,0.015,0.01,0.01,0.02,0.03
0:01:40,227,223,252,101,102,103,101,100,201,10.1,0.81,50.07,0.03,0.02,0.015,0.015,0.01,0.01,0.02,0.03
0:01:41,225,222,249,102,103,104,102,101,203,10.2,0.81,50.09,0.03,0.02,0.015,0.015,0.01,0.01,0.02,0.03
0:01:42,223,221,246,103,104,105,103,102,205,10.3,0.81,50.11,0.03,0.02,0.015,0.015,0.01,0.01,0.02,0.03
0:01:43,221,220,243,104,105,106,104,103,207,10.4,0.81,50.1,0.03,0.02,0.015,0.015,0.01,0.01,0.02,0.03
0:01:44,219,219,240,105,106,107,105,104,209,10.5,0.81,50.09,0.03,0.02,0.015,0.015,0.01,0.01,0.02,0.03
0:01:45,217,218,237,106,107,108,106,105,211,10.6,0.81,50.08,0.03,0.02,0.015,0.015,0.01,0.01,0.02,0.03
0:01:46,215,217,234,107,108,109,107,106,213,10.7,0.81,50.07,0.03,0.02,0.015,0.015,0.01,0.01,0.02,0.03
0:01:47,213,216,231,108,109,110,108,107,215,10.8,0.81,50.06,0.03,0.02,0.015,0.015,0.01,0.01,0.02,0.03
0:01:48,211,215,228,109,110,111,109,108,217,10.9,0.81,50.05,0.03,0.02,0.015,0.015,0.01,0.01,0.02,0.03
0:01:49,209,214,225,110,111,112,110,109,219,11,0.81,50.04,0.03,0.02,0.015,0.015,0.01,0.01,0.02,0.03
0:01:50,207,213,222,111,112,113,111,110,221,11.1,0.81,50.03,0.03,0.02,0.015,0.015,0.01,0.01,0.02,0.03
0:01:51,205,212,219,112,113,114,112,111,223,11.2,0.81,50.02,0.03,0.02,0.015,0.015,0.01,0.01,0.02,0.03
0:01:52,203,211,216,113,114,115,113,112,225,11.3,0.81,50.01,0.03,0.02,0.015,0.015,0.01,0.01,0.02,0.03
0:01:53,201,210,213,114,115,116,114,113,227,11.4,0.81,50,0.03,0.02,0.015,0.015,0.01,0.01,0.02,0.03
0:01:54,199,209,210,115,116,117,115,114,229,11.5,0.81,49.99,0.03,0.02,0.015,0.015,0.01,0.01,0.02,0.03
0:01:55,197,208,207,116,117,118,116,115,231,11.6,0.81,49.98,0.03,0.02,0.015,0.015,0.01,0.01,0.02,0.03
0:01:56,195,207,204,117,118,119,117,116,233,11.7,0.81,49.97,0.03,0.02,0.015,0.015,0.01,0.01,0.02,0.03
0:01:57,193,206,201,118,119,120,118,117,235,11.8,0.81,49.96,0.03,0.02,0.015,0.015,0.01,0.01,0.02,0.03
0:01:58,191,205,198,119,120,121,119,118,237,11.9,0.81,49.95,0.03,0.02,0.015,0.015,0.01,0.01,0.02,0.03
0:01:59,189,204,195,120,121,122,120,119,239,12,0.81,49.94,0.03,0.02,0.015,0.015,0.01,0.01,0.02,0.03
0:02:00,187,203,192,121,122,123,121,120,241,12.1,0.81,49.93,0.03,0.02,0.015,0.015,0.01,0.01,0.02,0.03
0:02:01,185,202,189,122,123,124,122,121,243,12.2,0.81,49.92,0.03,0.02,0.015,0.015,0.01,0.01,0.02,0.03
0:02:02,183,201,186,123,124,125,123,122,245,12.3,0.82,49.91,0.03,0.02,0.015,0.015,0.01,0.01,0.02,0.03
0:02:03,181,200,183,124,125,126,124,123,247,12.4,0.82,49.9,0.03,0.02,0.015,0.015,0.01,0.01,0.02,0.03
0:02:04,179,199,180,125,126,127,125,124,249,12.5,0.82,49.89,0.03,0.02,0.015,0.015,0.01,0.01,0.02,0.03
0:02:05,177,198,177,126,127,128,126,125,251,12.6,0.82,49.88,0.03,0.02,0.015,0.015,0.01,0.01,0.02,0.03
0:02:06,175,197,174,127,128,129,127,126,253,12.7,0.82,49.87,0.03,0.02,0.015,0.015,0.01,0.01,0.02,0.03
0:02:07,173,196,171,128,129,130,128,127,255,12.8,0.82,49.86,0.03,0.02,0.015,0.015,0.01,0.01,0.02,0.03
0:02:08,171,195,168,129,130,131,129,128,257,12.9,0.82,49.85,0.03,0.02,0.015,0.015,0.01,0.01,0.02,0.03
0:02:09,169,194,165,130,131,132,130,129,259,13,0.82,49.84,0.03,0.02,0.015,0.015,0.01,0.01,0.02,0.03
0:02:10,167,193,162,131,132,133,131,130,261,13.1,0.82,49.85,0.03,0.02,0.015,0.015,0.01,0.01,0.02,0.03
0:02:11,165,192,159,132,133,134,132,131,263,13.2,0.82,49.86,0.03,0.02,0.015,0.015,0.01,0.01,0.02,0.03
0:02:12,167,193,161,133,134,135,133,132,265,13.3,0.82,49.87,0.03,0.02,0.015,0.015,0.01,0.01,0.02,0.03
0:02:13,169,194,163,134,135,136,134,133,267,13.4,0.82,49.88,0.03,0.02,0.015,0.015,0.01,0.01,0.02,0.03
0:02:14,171,195,165,135,136,137,135,134,269,13.5,0.82,49.89,0.03,0.02,0.015,0.015,0.01,0.01,0.02,0.03
0:02:15,173,196,167,136,137,138,136,135,271,13.6,0.82,49.9,0.03,0.02,0.015,0.015,0.01,0.01,0.02,0.03
0:02:16,175,197,169,137,138,139,137,136,273,13.7,0.82,49.91,0.03,0.02,0.015,0.015,0.01,0.01,0.02,0.03
0:02:17,177,198,171,138,139,140,138,137,275,13.8,0.82,49.92,0.03,0.02,0.015,0.015,0.01,0.01,0.02,0.03
0:02:18,179,199,173,139,140,141,139,138,277,13.9,0.82,49.93,0.03,0.02,0.015,0.015,0.01,0.01,0.02,0.03
0:02:19,181,200,175,140,141,142,140,139,279,14,0.82,49.94,0.03,0.02,0.015,0.015,0.01,0.01,0.02,0.03
0:02:20,183,201,177,141,142,143,141,140,281,14.1,0.82,49.95,0.03,0.02,0.015,0.015,0.01,0.01,0.02,0.03
0:02:21,185,202,179,142,143,144,142,141,283,14.2,0.82,49.96,0.03,0.02,0.015,0.015,0.01,0.01,0.02,0.03
0:02:22,187,203,181,143,144,145,143,142,285,14.3,0.82,49.97,0.03,0.02,0.015,0.015,0.01,0.01,0.02,0.03
0:02:23,189,204,183,144,145,146,144,143,287,14.4,0.82,49.98,0.03,0.02,0.015,0.015,0.01,0.01,0.02,0.03
0:02:24,191,205,185,145,146,147,145,144,289,14.5,0.82,49.99,0.03,0.02,0.015,0.015,0.01,0.01,0.02,0.03
0:02:25,193,206,187,146,147,148,146,145,291,14.6,0.82,50,0.03,0.02,0.015,0.015,0.01,0.01,0.02,0.03
0:02:26,195,207,189,147,148,149,147,146,293,14.7,0.82,50.03,0.03,0.02,0.015,0.015,0.01,0.01,0.02,0.03
0:02:27,197,208,191,148,149,150,148,147,295,14.8,0.82,50.05,0.03,0.02,0.015,0.015,0.01,0.01,0.02,0.03
0:02:28,199,209,193,149,150,151,149,148,297,14.9,0.82,50.07,0.03,0.02,0.015,0.015,0.01,0.01,0.02,0.03
0:02:29,201,210,195,150,151,152,150,149,299,15,0.82,50.09,0.03,0.02,0.015,0.015,0.01,0.01,0.02,0.03
0:02:30,203,211,197,151,152,153,151,150,301,15.1,0.82,50.11,0.03,0.02,0.015,0.015,0.01,0.01,0.02,0.03
0:02:31,205,212,199,152,153,154,152,151,303,15.2,0.82,50.1,0.03,0.02,0.015,0.015,0.01,0.01,0.02,0.03
0:02:32,207,213,201,153,154,155,153,152,305,15.3,0.82,50.09,0.03,0.02,0.015,0.015,0.01,0.01,0.02,0.03
0:02:33,209,214,203,154,155,156,154,153,307,15.4,0.82,50.08,0.03,0.02,0.015,0.015,0.01,0.01,0.02,0.03
0:02:34,211,215,205,155,156,157,155,154,309,15.5,0.82,50.07,0.03,0.02,0.015,0.015,0.01,0.01,0.02,0.03
0:02:35,213,216,207,156,157,158,156,155,311,15.6,0.82,50.06,0.03,0.02,0.015,0.015,0.01,0.01,0.02,0.03
0:02:36,215,217,209,157,158,159,157,156,313,15.7,0.82,50.05,0.03,0.02,0.015,0.015,0.01,0.01,0.02,0.03
0:02:37,217,218,211,158,159,160,158,157,315,15.8,0.82,50.04,0.03,0.02,0.015,0.015,0.01,0.01,0.02,0.03
0:02:38,219,219,213,159,160,161,159,158,317,15.9,0.82,50.03,0.03,0.02,0.015,0.015,0.01,0.01,0.02,0.03
0:02:39,221,220,215,160,161,162,160,159,319,16,0.82,50.02,0.03,0.02,0.015,0.015,0.01,0.01,0.02,0.03
0:02:40,223,221,217,161,162,163,161,160,321,16.1,0.82,50.01,0.03,0.02,0.015,0.015,0.01,0.01,0.02,0.03
0:02:41,225,222,219,162,163,164,162,161,323,16.2,0.82,50,0.03,0.02,0.015,0.015,0.01,0.01,0.02,0.03
0:02:42,227,223,221,163,164,165,163,162,325,16.3,0.82,49.99,0.03,0.02,0.015,0.015,0.01,0.01,0.02,0.03
0:02:43,229,224,223,164,165,166,164,163,327,16.4,0.82,49.98,0.03,0.02,0.015,0.015,0.01,0.01,0.02,0.03
0:02:44,231,225,225,165,166,167,165,164,329,16.5,0.82,49.97,0.03,0.02,0.015,0.015,0.01,0.01,0.02,0.03
0:02:45,233,226,227,166,167,168,166,165,331,16.6,0.82,49.96,0.03,0.02,0.015,0.015,0.01,0.01,0.02,0.03
0:02:46,235,227,229,167,168,169,167,166,333,16.7,0.82,49.95,0.03,0.02,0.015,0.015,0.01,0.01,0.02,0.03
0:02:47,237,228,231,168,169,170,168,167,335,16.8,0.82,49.94,0.03,0.02,0.015,0.015,0.01,0.01,0.02,0.03
0:02:48,239,229,233,169,170,171,169,168,337,16.9,0.82,49.93,0.03,0.02,0.015,0.015,0.01,0.01,0.02,0.03
0:02:49,241,230,235,170,171,172,170,169,339,17,0.82,49.92,0.03,0.02,0.015,0.015,0.01,0.01,0.02,0.03
0:02:50,243,231,237,171,172,173,171,170,341,17.1,0.82,49.91,0.03,0.02,0.015,0.015,0.01,0.01,0.02,0.03
0:02:51,245,232,239,172,173,174,172,171,343,17.2,0.82,49.9,0.03,0.02,0.015,0.015,0.01,0.01,0.02,0.03
0:02:52,247,233,241,173,174,175,173,172,345,17.3,0.82,49.89,0.03,0.02,0.015,0.015,0.01,0.01,0.02,0.03
0:02:53,249,234,243,174,175,176,174,173,347,17.4,0.82,49.88,0.03,0.02,0.015,0.015,0.01,0.01,0.02,0.03
0:02:54,251,235,245,175,176,177,175,174,349,17.5,0.82,49.87,0.03,0.02,0.015,0.015,0.01,0.01,0.02,0.03
0:02:55,253,236,247,176,177,178,176,175,351,17.6,0.82,49.86,0.03,0.02,0.015,0.015,0.01,0.01,0.02,0.03
0:02:56,255,237,249,177,178,179,177,176,353,17.7,0.82,49.85,0.03,0.02,0.015,0.015,0.01,0.01,0.02,0.03
0:02:57,257,238,251,178,179,180,178,177,355,17.8,0.82,49.84,0.03,0.02,0.015,0.015,0.01,0.01,0.02,0.03
0:02:58,259,239,253,179,180,181,179,178,357,17.9,0.82,49.85,0.03,0.02,0.015,0.015,0.01,0.01,0.02,0.03
